{"cameraMode":{"drawMode":0,"name":"Shaded","section":"Shading Mode"},"sceneLighting":true,"audioPlay":false,"sceneViewState":{"showFog":true,"showMaterialUpdate":false,"showSkybox":true,"showFlares":true,"showImageEffects":true,"showParticleSystems":true},"in2DMode":false,"pivot":{"x":-13.0,"y":1.2992908954620362,"z":29.200000762939454},"rotation":{"x":-0.09272340685129166,"y":0.9067220091819763,"z":-0.28405821323394778,"w":-0.2990262508392334},"size":8.002636909484864,"orthographic":false}