{"cameraMode":{"drawMode":0,"name":"Shaded","section":"Shading Mode"},"sceneLighting":false,"audioPlay":false,"sceneViewState":{"showFog":true,"showMaterialUpdate":false,"showSkybox":false,"showFlares":true,"showImageEffects":true,"showParticleSystems":true},"in2DMode":false,"pivot":{"x":0.31100010871887209,"y":1.5450000762939454,"z":-0.38899993896484377},"rotation":{"x":0.06264843791723252,"y":0.1518435776233673,"z":-0.009030490182340145,"w":0.986766517162323},"size":4.3107008934021,"orthographic":false}