{"cameraMode":{"drawMode":0,"name":"Shaded","section":"Shading Mode"},"sceneLighting":false,"audioPlay":false,"sceneViewState":{"showFog":true,"showMaterialUpdate":false,"showSkybox":false,"showFlares":true,"showImageEffects":true,"showParticleSystems":true},"in2DMode":false,"pivot":{"x":1.9299999475479127,"y":-0.08500000834465027,"z":-6.400000095367432},"rotation":{"x":0.11537513881921768,"y":0.8785229325294495,"z":-0.26781269907951357,"w":0.37919461727142336},"size":1.7320507764816285,"orthographic":false}