{"cameraMode":{"drawMode":0,"name":"Shaded","section":"Shading Mode"},"sceneLighting":false,"audioPlay":false,"sceneViewState":{"showFog":true,"showMaterialUpdate":false,"showSkybox":false,"showFlares":true,"showImageEffects":true,"showParticleSystems":true},"in2DMode":false,"pivot":{"x":0.7976658940315247,"y":1.648874282836914,"z":-0.3508351147174835},"rotation":{"x":-0.04062354937195778,"y":0.15515416860580445,"z":-0.004399445373564959,"w":-0.9874185919761658},"size":1.8671903610229493,"orthographic":false}