{"cameraMode":{"drawMode":0,"name":"Shaded","section":"Shading Mode"},"sceneLighting":false,"audioPlay":false,"sceneViewState":{"showFog":true,"showMaterialUpdate":false,"showSkybox":false,"showFlares":true,"showImageEffects":true,"showParticleSystems":true},"in2DMode":false,"pivot":{"x":6.663046836853027,"y":0.5515119433403015,"z":-2.202535390853882},"rotation":{"x":-0.015595589764416218,"y":-0.9694933891296387,"z":0.06287888437509537,"w":-0.23756834864616395},"size":2.8914778232574465,"orthographic":false}