{"cameraMode":{"drawMode":0,"name":"Shaded","section":"Shading Mode"},"sceneLighting":false,"audioPlay":false,"sceneViewState":{"showFog":true,"showMaterialUpdate":false,"showSkybox":false,"showFlares":true,"showImageEffects":true,"showParticleSystems":true},"in2DMode":false,"pivot":{"x":4.001852035522461,"y":2.55523681640625,"z":1.8707869052886963},"rotation":{"x":0.4115076959133148,"y":-0.5639236569404602,"z":0.38561925292015078,"w":0.6041343808174133},"size":89.46636199951172,"orthographic":false}