{"cameraMode":{"drawMode":0,"name":"Shaded","section":"Shading Mode"},"sceneLighting":false,"audioPlay":false,"sceneViewState":{"showFog":true,"showMaterialUpdate":false,"showSkybox":false,"showFlares":true,"showImageEffects":true,"showParticleSystems":true},"in2DMode":false,"pivot":{"x":-2.814504384994507,"y":0.20772552490234376,"z":-0.011817455291748047},"rotation":{"x":-0.28046104311943056,"y":-0.3344731032848358,"z":0.10714089870452881,"w":-0.893719494342804},"size":2.934774875640869,"orthographic":false}