{"cameraMode":{"drawMode":0,"name":"Shaded","section":"Shading Mode"},"sceneLighting":false,"audioPlay":false,"sceneViewState":{"showFog":true,"showMaterialUpdate":false,"showSkybox":false,"showFlares":true,"showImageEffects":true,"showParticleSystems":true},"in2DMode":false,"pivot":{"x":6.263767242431641,"y":1.0298316478729249,"z":-2.202535390853882},"rotation":{"x":0.10299692302942276,"y":0.8975039720535278,"z":-0.29712674021720889,"w":0.31005048751831057},"size":3.275510787963867,"orthographic":false}